{
  "weights": [
    0.8060741948634479,
    -0.01772365973278796,
    0.6485318933513077
  ],
  "bias": -0.6,
  "accuracy": 0.9,
  "mins": [
    15.14,
    20.3,
    5.36
  ],
  "maxs": [
    39.67,
    79.43,
    34.99
  ],
  "header": {
    "Temperature": 0,
    "Humidity": 1,
    "Wind": 2,
    "Label": 3
  }
}