{
  "weights": [
    0.7884223399918315,
    0.028510998307939434,
    0.4428186109238285
  ],
  "bias": -0.4,
  "accuracy": 0.75,
  "mins": [
    15.14,
    20.3,
    5.33
  ],
  "maxs": [
    39.67,
    79.4,
    34.99
  ],
  "header": {
    "Temperature": 0,
    "Humidity": 1,
    "Wind": 2,
    "Label": 3
  }
}